codigoPregunta;EnunciadoPregunta;Elemento
GDI200A; ¿En cuál de las siguientes instancias /dependencias de la entidad se toman decisiones sobre la implementación de la Política de Gobierno Digital?: Comité de Gestión y Desempeño Institucional;Transformacion Digital
GDI200B; ¿En cuál de las siguientes instancias /dependencias de la entidad se toman decisiones sobre la implementación de la Política de Gobierno Digital?: Oficina de Tecnologías de Información;Transformacion Digital
GDI200C; ¿En cuál de las siguientes instancias /dependencias de la entidad se toman decisiones sobre la implementación de la Política de Gobierno Digital?: Oficina de Planeación;Transformacion Digital
GDI200D; ¿En cuál de las siguientes instancias /dependencias de la entidad se toman decisiones sobre la implementación de la Política de Gobierno Digital?: Otras. Indique cuáles:;Transformacion Digital
GDI200E; ¿En cuál de las siguientes instancias /dependencias de la entidad se toman decisiones sobre la implementación de la Política de Gobierno Digital?: Ninguna de las anteriores;Transformacion Digital
GDI201A; ¿Qué medios digitales utilizó la entidad para interactuar con sus grupos de valor e interés (ciudadanía, sociedad civil, academia, sector privado y sector público) durante la vigencia evaluada?: Sede electrónica;Transformacion Digital
GDI201B; ¿Qué medios digitales utilizó la entidad para interactuar con sus grupos de valor e interés (ciudadanía, sociedad civil, academia, sector privado y sector público) durante la vigencia evaluada?: Redes sociales (Facebook, Instagram, Twitter, Youtube, Telegram);Transformacion Digital
GDI201C; ¿Qué medios digitales utilizó la entidad para interactuar con sus grupos de valor e interés (ciudadanía, sociedad civil, academia, sector privado y sector público) durante la vigencia evaluada?: Espacios virtuales de participación como juntas comunales, cabildos, consejos, foros, talleres, mesas informativas, mesas consultivas, mesas resolutivas o de decisión;Transformacion Digital
GDI201D; ¿Qué medios digitales utilizó la entidad para interactuar con sus grupos de valor e interés (ciudadanía, sociedad civil, academia, sector privado y sector público) durante la vigencia evaluada?: Otros medios digitales. Especifique cuáles:;Transformacion Digital
GDI201E; ¿Qué medios digitales utilizó la entidad para interactuar con sus grupos de valor e interés (ciudadanía, sociedad civil, academia, sector privado y sector público) durante la vigencia evaluada?: La entidad no utilizó medios digitales para interactuar con sus grupos de interés (ciudadanía, sociedad civil, academia, sector privado y sector público);Transformacion Digital
GDI202A; ¿Cuáles de los siguientes grupos de valor e interés participaron en la toma de decisiones sobre la implementación de la Política de Gobierno Digital en la entidad? Academia;Transformacion Digital
GDI202B; ¿Cuáles de los siguientes grupos de valor e interés participaron en la toma de decisiones sobre la implementación de la Política de Gobierno Digital en la entidad? Sector privado;Transformacion Digital
GDI202C; ¿Cuáles de los siguientes grupos de valor e interés participaron en la toma de decisiones sobre la implementación de la Política de Gobierno Digital en la entidad? Sociedad civil;Transformacion Digital
GDI202D; ¿Cuáles de los siguientes grupos de valor e interés participaron en la toma de decisiones sobre la implementación de la Política de Gobierno Digital en la entidad? Ciudadanía;Transformacion Digital
GDI202E; ¿Cuáles de los siguientes grupos de valor e interés participaron en la toma de decisiones sobre la implementación de la Política de Gobierno Digital en la entidad? Otras. Indique cuáles:;Transformacion Digital
GDI202F; ¿Cuáles de los siguientes grupos de valor e interés participaron en la toma de decisiones sobre la implementación de la Política de Gobierno Digital en la entidad? Ninguno de los anteriores;Transformacion Digital
GDI203A; Con respecto a los ejercicios de participación realizados por la entidad con sus grupos de valor e interés (ciudadanía, sociedad civil, academia, sector privado y sector público) durante la vigencia 2022 indique: ¿Cuántos ejercicios de consulta o toma de decisiones realizó la entidad con sus grupos de interés?;Transformacion Digital
GDI203B; Con respecto a los ejercicios de participación realizados por la entidad con sus grupos de valor e interés (ciudadanía, sociedad civil, academia, sector privado y sector público) durante la vigencia 2022 indique: ¿Cuántos de los ejercicios de consulta o toma de decisiones se realizaron usando medios digitales?;Transformacion Digital
GDI204A; La participación de los grupos de valor o de interés en la toma de decisiones sobre la implementación de la Política de Gobierno Digital, le ha permitido a la entidad: Generar alianzas para resolver problemas de interés común. Especifique cuales: ;Transformacion Digital
GDI204B; La participación de los grupos de valor o de interés en la toma de decisiones sobre la implementación de la Política de Gobierno Digital, le ha permitido a la entidad: Informar a sus grupos de interés sobre el manejo y uso de los recursos de la entidad;Transformacion Digital
GDI204C; La participación de los grupos de valor o de interés en la toma de decisiones sobre la implementación de la Política de Gobierno Digital, le ha permitido a la entidad: Generar confianza en los grupos de interés (ciudadanía, sociedad civil, academia, sector privado y sector público) sobre la gestión de la entidad;Transformacion Digital
GDI204D; La participación de los grupos de valor o de interés en la toma de decisiones sobre la implementación de la Política de Gobierno Digital, le ha permitido a la entidad: Ser eficaz en la resolución de problemáticas internas de la entidad;Transformacion Digital
GDI204E; La participación de los grupos de valor o de interés en la toma de decisiones sobre la implementación de la Política de Gobierno Digital, le ha permitido a la entidad: Ser eficiente en la gestión a partir de la retroalimentación de los grupos de interés;Transformacion Digital
GDI204F; La participación de los grupos de valor o de interés en la toma de decisiones sobre la implementación de la Política de Gobierno Digital, le ha permitido a la entidad: Satisfacer necesidades de los grupos de interés a través de los trámites y servicios que les ofrece;Transformacion Digital
GDI204G; La participación de los grupos de valor o de interés en la toma de decisiones sobre la implementación de la Política de Gobierno Digital, le ha permitido a la entidad: Desarrollar proyectos, programas e iniciativas que buscan impactar positivamente la vida de las personas;Transformacion Digital
GDI204H; La participación de los grupos de valor o de interés en la toma de decisiones sobre la implementación de la Política de Gobierno Digital, le ha permitido a la entidad: Ninguna de las anteriores;Transformacion Digital
GDI205A; ¿La entidad implementó en sus proyectos un enfoque experimental que le permita generar soluciones novedosas y creativas haciendo uso de TIC, con la participación de los grupos de interés (ciudadanía, academia, sector privado, sector público)?  Sí, y esos proyectos con enfoque experimental están incluidos en el Plan de Acción Anual de la entidad;Transformacion Digital
GDI205B; ¿La entidad implementó en sus proyectos un enfoque experimental que le permita generar soluciones novedosas y creativas haciendo uso de TIC, con la participación de los grupos de interés (ciudadanía, academia, sector privado, sector público)?  Sí, los proyectos con enfoque experimental se encuentran en etapa inicial de planeación y apropiación, pero no se han integrado al Plan de Acción Anual de la entidad;Transformacion Digital
GDI205C; ¿La entidad implementó en sus proyectos un enfoque experimental que le permita generar soluciones novedosas y creativas haciendo uso de TIC, con la participación de los grupos de interés (ciudadanía, academia, sector privado, sector público)?  No se ha adoptado un enfoque experimental en los proyectos de la entidad;Transformacion Digital
GDI206A; ¿Qué actividades de innovación basadas en el enfoque experimental llevó a cabo la entidad haciendo uso de las TIC en la vigencia evaluada?  Identificación de los beneficiarios de las soluciones novedosas y creativas generadas mediante el uso de las TIC y metodologías de innovación. Indique el número de beneficiarios:;Transformacion Digital
GDI206B; ¿Qué actividades de innovación basadas en el enfoque experimental llevó a cabo la entidad haciendo uso de las TIC en la vigencia evaluada?  Formulación y prueba de hipótesis, validación y ensayos de alternativas de solución (prototipos), antes de su implementación como “solución final”;Transformacion Digital
GDI206C; ¿Qué actividades de innovación basadas en el enfoque experimental llevó a cabo la entidad haciendo uso de las TIC en la vigencia evaluada?  Participación en actividades externas a la entidad con enfoque experimental, por ejemplo: espacios de cocreación, capacitaciones, redes de conocimiento;Transformacion Digital
GDI206D; ¿Qué actividades de innovación basadas en el enfoque experimental llevó a cabo la entidad haciendo uso de las TIC en la vigencia evaluada?  Desarrollo de soluciones novedosas y creativas que hacen uso de las TIC y de metodologías de innovación;Transformacion Digital
GDI206E; ¿Qué actividades de innovación basadas en el enfoque experimental llevó a cabo la entidad haciendo uso de las TIC en la vigencia evaluada?  Desarrollo de prototipos o productos mínimos viables;Transformacion Digital
GDI206F; ¿Qué actividades de innovación basadas en el enfoque experimental llevó a cabo la entidad haciendo uso de las TIC en la vigencia evaluada?  No se realizaron actividades de innovación pública digital;Transformacion Digital
GDI207A; ¿Qué beneficios obtuvo la entidad al aplicar el enfoque experimental en sus iniciativas o proyectos que hacen uso de las TIC? Optimización de tiempo o recursos (infraestructura física, tecnológica, talento humano y presupuesto) en la ejecución de procesos, trámites, servicios o proyectos de la entidad;Transformacion Digital
GDI207B; ¿Qué beneficios obtuvo la entidad al aplicar el enfoque experimental en sus iniciativas o proyectos que hacen uso de las TIC? Fortalecimiento de capacidades de los servidores o procesos de la entidad;Transformacion Digital
GDI207C; ¿Qué beneficios obtuvo la entidad al aplicar el enfoque experimental en sus iniciativas o proyectos que hacen uso de las TIC? Establecimiento de alianzas con grupos de interés (ciudadanía, sociedad civil, academia, sector privado y sector público);Transformacion Digital
GDI207D; ¿Qué beneficios obtuvo la entidad al aplicar el enfoque experimental en sus iniciativas o proyectos que hacen uso de las TIC? Mayor satisfacción de los usuarios de los trámites o servicios de la entidad;Transformacion Digital
GDI207E; ¿Qué beneficios obtuvo la entidad al aplicar el enfoque experimental en sus iniciativas o proyectos que hacen uso de las TIC? Las mediciones adelantadas por la entidad evidencian que el enfoque experimental no ha generado beneficios;Transformacion Digital
GDI207F; ¿Qué beneficios obtuvo la entidad al aplicar el enfoque experimental en sus iniciativas o proyectos que hacen uso de las TIC? No se han evidenciado los beneficios porque no hay estrategias de medición;Transformacion Digital
GDI208A; ¿Qué tipo de acciones de innovación pública digital se llevaron a cabo a través de alianzas con otros actores o de laboratorios propios de innovación? Identificación de problemáticas y retos públicos;Transformacion Digital
GDI208B; "¿Qué tipo de acciones de innovación pública digital se llevaron a cabo a través de alianzas con otros actores o de laboratorios propios de innovación? Generación de proyectos, iniciativas o metas compartidas de fortalecimiento institucional";Transformacion Digital
GDI208C;¿Qué tipo de acciones de innovación pública digital se llevaron a cabo a través de alianzas con otros actores o de laboratorios propios de innovación? Producción y generación de datos e información;Transformacion Digital
GDI208D;¿Qué tipo de acciones de innovación pública digital se llevaron a cabo a través de alianzas con otros actores o de laboratorios propios de innovación? Investigaciones o desarrollos tecnológicos o de innovación;Transformacion Digital
GDI208E;¿Qué tipo de acciones de innovación pública digital se llevaron a cabo a través de alianzas con otros actores o de laboratorios propios de innovación? Gestión de recursos o sponsor;Transformacion Digital
GDI208F;¿Qué tipo de acciones de innovación pública digital se llevaron a cabo a través de alianzas con otros actores o de laboratorios propios de innovación? Obtención de apoyo técnico;Transformacion Digital
GDI208G;¿Qué tipo de acciones de innovación pública digital se llevaron a cabo a través de alianzas con otros actores o de laboratorios propios de innovación? Participación en redes de conocimiento o en comunidades de práctica;Transformacion Digital
GDI208H;¿Qué tipo de acciones de innovación pública digital se llevaron a cabo a través de alianzas con otros actores o de laboratorios propios de innovación? Participación en conferencias o eventos de innovación;Transformacion Digital
GDI208I;¿Qué tipo de acciones de innovación pública digital se llevaron a cabo a través de alianzas con otros actores o de laboratorios propios de innovación? La entidad no cuenta con alianzas con otros actores para experimentar en el desarrollo de soluciones a retos públicos a través del uso de las TIC;Transformacion Digital
GDI209A;¿Qué beneficios obtuvo la entidad a través de las alianzas con otros actores o laboratorios de innovación para experimentar en el desarrollo de soluciones a retos públicos a través del uso de las TIC? Financiación de los proyectos o iniciativas de la entidad;Transformacion Digital
GDI209B;¿Qué beneficios obtuvo la entidad a través de las alianzas con otros actores o laboratorios de innovación para experimentar en el desarrollo de soluciones a retos públicos a través del uso de las TIC? Aprovechamiento de espacios que incentivan la innovación pública digital, sin comprometer los recursos de la entidad. (Bootcamps, pilotos, hackatones, etc);Transformacion Digital
GDI209C;¿Qué beneficios obtuvo la entidad a través de las alianzas con otros actores o laboratorios de innovación para experimentar en el desarrollo de soluciones a retos públicos a través del uso de las TIC? Fortalecimiento de las capacidades en los servidores públicos de la entidad. (Como cursos, diplomados, certificaciones, etc);Transformacion Digital
GDI209D;¿Qué beneficios obtuvo la entidad a través de las alianzas con otros actores o laboratorios de innovación para experimentar en el desarrollo de soluciones a retos públicos a través del uso de las TIC? Apoyo técnico para abordar los proyectos o iniciativas de la entidad o desarrollo colaborativo para la solución de retos públicos;Transformacion Digital
GDI209E;¿Qué beneficios obtuvo la entidad a través de las alianzas con otros actores o laboratorios de innovación para experimentar en el desarrollo de soluciones a retos públicos a través del uso de las TIC? Identificación de actores relevantes en el ecosistema de la innovación pública digital;Transformacion Digital
GDI209F;¿Qué beneficios obtuvo la entidad a través de las alianzas con otros actores o laboratorios de innovación para experimentar en el desarrollo de soluciones a retos públicos a través del uso de las TIC? No se identificaron beneficios;Transformacion Digital
GDI210A;¿Cuáles de las siguientes tecnologías emergentes de la cuarta revolución industrial utilizó la entidad para desarrollar procesos de innovación pública digital?  Tecnologías de desintermediación, DLT (Distributed Ledger Technology) como cadena de bloques (Blockchain) o contratos inteligentes, entre otros;Transformacion Digital
GDI210B;¿Cuáles de las siguientes tecnologías emergentes de la cuarta revolución industrial utilizó la entidad para desarrollar procesos de innovación pública digital?  Análisis masivo de datos (Big data);Transformacion Digital
GDI210C;¿Cuáles de las siguientes tecnologías emergentes de la cuarta revolución industrial utilizó la entidad para desarrollar procesos de innovación pública digital?  Inteligencia Artificial (AI);Transformacion Digital
GDI210D;¿Cuáles de las siguientes tecnologías emergentes de la cuarta revolución industrial utilizó la entidad para desarrollar procesos de innovación pública digital?  Internet de las Cosas (IoT);Transformacion Digital
GDI210E;¿Cuáles de las siguientes tecnologías emergentes de la cuarta revolución industrial utilizó la entidad para desarrollar procesos de innovación pública digital?  Robótica y similares;Transformacion Digital
GDI210F;¿Cuáles de las siguientes tecnologías emergentes de la cuarta revolución industrial utilizó la entidad para desarrollar procesos de innovación pública digital?  Realidad aumentada o realidad virtual;Transformacion Digital
GDI210G;¿Cuáles de las siguientes tecnologías emergentes de la cuarta revolución industrial utilizó la entidad para desarrollar procesos de innovación pública digital?  Automatización robótica de procesos;Transformacion Digital
GDI210H;¿Cuáles de las siguientes tecnologías emergentes de la cuarta revolución industrial utilizó la entidad para desarrollar procesos de innovación pública digital?  Otras. Indique cuáles:;Transformacion Digital
GDI210I;¿Cuáles de las siguientes tecnologías emergentes de la cuarta revolución industrial utilizó la entidad para desarrollar procesos de innovación pública digital?  No se usan tecnologías emergentes para la innovación pública digital;Transformacion Digital
GDI211A;¿La entidad adquirió bienes o servicios de base tecnológica para dar respuesta a desafíos públicos con enfoque en innovación pública digital? Si. Ingrese las evidencias:;Transformacion Digital
GDI211B;¿La entidad adquirió bienes o servicios de base tecnológica para dar respuesta a desafíos públicos con enfoque en innovación pública digital? No;Transformacion Digital
GDI212A;¿Cuál fue el esquema preponderante para adquirir bienes y servicios de base tecnológica?  Compra Pública PreComercial (Ciencia, tecnología e innovación);Transformacion Digital
GDI212B;¿Cuál fue el esquema preponderante para adquirir bienes y servicios de base tecnológica?  Compra Pública para la Innovación. (Decreto 442 del 2022);Transformacion Digital
GDI212C;¿Cuál fue el esquema preponderante para adquirir bienes y servicios de base tecnológica?  Compra Pública para incentivar la Innovación (convocatorias de laboratorios de innovación);Transformacion Digital
GDI213A;En relación con las iniciativas de innovación pública digital, ¿qué barreras encuentra actualmente la entidad para implementarlas? Falta de capital humano (conocimientos específicos alrededor de la innovación pública digital);Transformacion Digital
GDI213B;En relación con las iniciativas de innovación pública digital, ¿qué barreras encuentra actualmente la entidad para implementarlas? Falta de apoyo de las personas que hacen parte del nivel decisorio;Transformacion Digital
GDI213C;En relación con las iniciativas de innovación pública digital, ¿qué barreras encuentra actualmente la entidad para implementarlas? Barreras normativas;Transformacion Digital
GDI213D;En relación con las iniciativas de innovación pública digital, ¿qué barreras encuentra actualmente la entidad para implementarlas? Falta de recursos financieros;Transformacion Digital
GDI213E;En relación con las iniciativas de innovación pública digital, ¿qué barreras encuentra actualmente la entidad para implementarlas? Falta de una cultura de la innovación;Transformacion Digital
GDI213F;En relación con las iniciativas de innovación pública digital, ¿qué barreras encuentra actualmente la entidad para implementarlas? Ninguna de las anteriores;Transformacion Digital
GDI214A;¿Cuáles de los siguientes modelos del Marco de Referencia de Arquitectura Empresarial (MRAE) implementó la entidad durante la vigencia 2022?: Modelo de Arquitectura Empresarial (MAE);Transformacion Digital
GDI214B;¿Cuáles de los siguientes modelos del Marco de Referencia de Arquitectura Empresarial (MRAE) implementó la entidad durante la vigencia 2022?: Modelo de Gestión y Gobierno de TI (MGGTI);Transformacion Digital
GDI214C;¿Cuáles de los siguientes modelos del Marco de Referencia de Arquitectura Empresarial (MRAE) implementó la entidad durante la vigencia 2022?: Modelo de Gestión de Proyectos de TI (MGPTI);Transformacion Digital
GDI214D;¿Cuáles de los siguientes modelos del Marco de Referencia de Arquitectura Empresarial (MRAE) implementó la entidad durante la vigencia 2022?: Ninguno de los anteriores;Transformacion Digital
GDI215A;Con respecto al Plan Estratégico de Tecnologías de la Información (PETI), la entidad: Lo formuló, se aprobó y se integró al Plan de Acción Anual del 2022;Transformacion Digital
GDI215B;Con respecto al Plan Estratégico de Tecnologías de la Información (PETI), la entidad: Elaboró un tablero de control con indicadores para hacer seguimiento a su implementación durante la vigencia 2022;Transformacion Digital
GDI215C;Con respecto al Plan Estratégico de Tecnologías de la Información (PETI), la entidad: Implementó la hoja de ruta definida en el PETI de la vigencia 2022;Transformacion Digital
GDI215D;Con respecto al Plan Estratégico de Tecnologías de la Información (PETI), la entidad: Publicó en la sede electrónica de la entidad el PETI de la vigencia 2022;Transformacion Digital
GDI215E;Con respecto al Plan Estratégico de Tecnologías de la Información (PETI), la entidad: No se formuló el PETI de la vigencia 2022;Transformacion Digital
GDI216A;Respecto a los ejercicios de Arquitectura Empresarial realizados por la entidad durante la vigencia 2022: Se integró el proceso de Arquitectura Empresarial al Sistema de Gestión de Calidad de la entidad;Transformacion Digital
GDI216B;Respecto a los ejercicios de Arquitectura Empresarial realizados por la entidad durante la vigencia 2022: Se establecieron indicadores de seguimiento a la ejecución de los ejercicios de Arquitectura;Transformacion Digital
GDI216C;Respecto a los ejercicios de Arquitectura Empresarial realizados por la entidad durante la vigencia 2022: Se cuenta con los roles necesarios para implementar el proceso de Arquitectura Empresarial en la entidad;Transformacion Digital
GDI216D;Respecto a los ejercicios de Arquitectura Empresarial realizados por la entidad durante la vigencia 2022: Se cuenta con un repositorio para almacenar los ejercicios de Arquitectura Empresarial;Transformacion Digital
GDI216E;Respecto a los ejercicios de Arquitectura Empresarial realizados por la entidad durante la vigencia 2022: Se desarrolló una hoja de ruta de Arquitectura Empresarial y se hace seguimiento a su implementación;Transformacion Digital
GDI216F;Respecto a los ejercicios de Arquitectura Empresarial realizados por la entidad durante la vigencia 2022: La entidad no ha realizado ejercicios de Arquitectura Empresarial;Transformacion Digital
GDI217A;Con respecto a la gestión de proyectos con componentes de TI durante la vigencia 2022, la entidad: Estableció los planes de comunicaciones para la gestión de cada proyecto con componentes de TI;Transformacion Digital
GDI217B;Con respecto a la gestión de proyectos con componentes de TI durante la vigencia 2022, la entidad: Determinó el alcance y se priorizaron las actividades de cada proyecto;Transformacion Digital
GDI217C;Con respecto a la gestión de proyectos con componentes de TI durante la vigencia 2022, la entidad: Realizó seguimiento a su ejecución a través de indicadores de eficiencia y eficacia;Transformacion Digital
GDI217D;Con respecto a la gestión de proyectos con componentes de TI durante la vigencia 2022, la entidad: Realizó análisis y tratamiento de riesgos;Transformacion Digital
GDI217E;Con respecto a la gestión de proyectos con componentes de TI durante la vigencia 2022, la entidad: Ninguna de los anteriores;Transformacion Digital
GDI218A;Con respecto a la gestión y gobierno de TI durante la vigencia 2022, la entidad: Definió un catálogo de servicios de TI;Transformacion Digital
GDI218B;Con respecto a la gestión y gobierno de TI durante la vigencia 2022, la entidad: Definió un proceso de gestión y gobierno de TI, formalizado a través del Sistema Integrado de Gestión de Calidad de la entidad;Transformacion Digital
GDI218C;Con respecto a la gestión y gobierno de TI durante la vigencia 2022, la entidad: Hizo seguimiento a los procesos asociados a la gestión y gobierno de TI mediante indicadores de eficiencia y eficacia;Transformacion Digital
GDI218D;Con respecto a la gestión y gobierno de TI durante la vigencia 2022, la entidad: Desarrolló e implementó una estrategia de uso y apropiación de tecnologías actuales y emergentes, por ejemplo: blockchain (cadena de bloques), inteligencia artificial, internet de las cosas (IoT), automatización robótica de procesos;Transformacion Digital
GDI218E;Con respecto a la gestión y gobierno de TI durante la vigencia 2022, la entidad: Consolidó el conocimiento y las lecciones aprendidas del área de TI;Transformacion Digital
GDI218F;Con respecto a la gestión y gobierno de TI durante la vigencia 2022, la entidad: Ninguna de las anteriores;Transformacion Digital
GDI219A;¿En qué fase del modelo de adopción de IPv6 se encuentra la entidad? Fase 1: De planeación;Transformacion Digital
GDI219B;¿En qué fase del modelo de adopción de IPv6 se encuentra la entidad? Fase 2: De implementación de IPv6;Transformacion Digital
GDI219C;¿En qué fase del modelo de adopción de IPv6 se encuentra la entidad? Fase 3: De pruebas de funcionalidad;Transformacion Digital
GDI219D;¿En qué fase del modelo de adopción de IPv6 se encuentra la entidad? En la entidad no se ha desarrollado el modelo de adopción de IPV6;Transformacion Digital
GDI220A;¿Qué actividades de la fase 1 del modelo de adopción de IPv6 ya implementó la entidad? Inventario de TI;Transformacion Digital
GDI220B;¿Qué actividades de la fase 1 del modelo de adopción de IPv6 ya implementó la entidad? Plan de diagnóstico;Transformacion Digital
GDI220C;¿Qué actividades de la fase 1 del modelo de adopción de IPv6 ya implementó la entidad? Plan de direccionamiento IPv6;Transformacion Digital
GDI220D;¿Qué actividades de la fase 1 del modelo de adopción de IPv6 ya implementó la entidad? Diseño detallado de red;Transformacion Digital
GDI220E;¿Qué actividades de la fase 1 del modelo de adopción de IPv6 ya implementó la entidad? Plan de contingencias para IPv6;Transformacion Digital
GDI221A;¿Qué actividades de las fases 2 y 3 del modelo de adopción de IPv6 ya implementó la entidad? Documento de activación de políticas de seguridad para IPv6 (Fase 2);Transformacion Digital
GDI221B;¿Qué actividades de las fases 2 y 3 del modelo de adopción de IPv6 ya implementó la entidad? Informe de pruebas piloto y de implementación de IPv6 (Fase 2 y 3);Transformacion Digital
GDI221C;¿Qué actividades de las fases 2 y 3 del modelo de adopción de IPv6 ya implementó la entidad? Acta de cumplimiento a satisfacción sobre el funcionamiento e implementación de los elementos que fueron intervenidos con IPv6;Transformacion Digital
GDI222A;¿La entidad reportó en la herramienta de seguimiento habilitada por el Ministerio TIC (https://micrositios.mintic.gov.co/ipv6/control/app/login.php) el avance en la adopción de IPv6? Si. Ingrese las evidencias:;Transformacion Digital
GDI222B;¿La entidad reportó en la herramienta de seguimiento habilitada por el Ministerio TIC (https://micrositios.mintic.gov.co/ipv6/control/app/login.php) el avance en la adopción de IPv6? No;Transformacion Digital
GDI223A;¿La entidad está registrada en la Tienda Virtual del Estado Colombiano (TVEC)? Si. Ingrese las evidencias:;Transformacion Digital
GDI223B;¿La entidad está registrada en la Tienda Virtual del Estado Colombiano (TVEC)? No;Transformacion Digital
GDI223C;¿La entidad está registrada en la Tienda Virtual del Estado Colombiano (TVEC)? No aplica. Justifique la razón:;Transformacion Digital
GDI224A;Para la adquisición de productos, bienes y servicios de TI durante la vigencia 2022, la entidad: Utilizó los Acuerdos Marco de Precios (AMP)  o Instrumentos de Agregación de demanda (IAD) disponibles en la Tienda Virtual del Estado Colombiano (TVEC). Indique cuáles:;Transformacion Digital
GDI224B;Para la adquisición de productos, bienes y servicios de TI durante la vigencia 2022, la entidad: Utilizó las grandes superficies disponibles en la Tienda Virtual del Estado Colombiano (TVEC). Indique cuáles superficies y qué productos:;Transformacion Digital
GDI224C;Para la adquisición de productos, bienes y servicios de TI durante la vigencia 2022, la entidad: Utilizó otras modalidades de adquisición. Especifique cuáles:;Transformacion Digital
GDI224D;Para la adquisición de productos, bienes y servicios de TI durante la vigencia 2022, la entidad: La entidad no adquirió productos, bienes o servicios de TI;Transformacion Digital
GDI225A;¿La entidad participó durante la vigencia 2022 en la generación de Acuerdos Marco de Precios? Si. Indique cuáles:;Transformacion Digital
GDI225B;¿La entidad participó durante la vigencia 2022 en la generación de Acuerdos Marco de Precios? No;Transformacion Digital
GDI226A;Indique los grupos que fueron capacitados por la entidad en temáticas de la Política de Gobierno Digital durante la vigencia 2022: Servidores;Transformacion Digital
GDI226B;Indique los grupos que fueron capacitados por la entidad en temáticas de la Política de Gobierno Digital durante la vigencia 2022: Contratistas;Transformacion Digital
GDI226C;Indique los grupos que fueron capacitados por la entidad en temáticas de la Política de Gobierno Digital durante la vigencia 2022: Grupos de valor e interés (ciudadanía, sector privado, sociedad civil, academia, otras entidades públicas);Transformacion Digital
GDI226D;Indique los grupos que fueron capacitados por la entidad en temáticas de la Política de Gobierno Digital durante la vigencia 2022: La entidad no implementó estrategias de capacitación sobre la Política de Gobierno Digital;Transformacion Digital
GDI227A;Indique las estrategias que implementó la entidad durante la vigencia 2022 para capacitar a servidores y contratistas en la Política de Gobierno Digital: Cursos dispuestos por el Ministerio de Tecnologías de la Información y las Comunicaciones;Transformacion Digital
GDI227B;Indique las estrategias que implementó la entidad durante la vigencia 2022 para capacitar a servidores y contratistas en la Política de Gobierno Digital: Capacitaciones dispuestas en el Plan de Capacitaciones de la entidad;Transformacion Digital
GDI227C;Indique las estrategias que implementó la entidad durante la vigencia 2022 para capacitar a servidores y contratistas en la Política de Gobierno Digital: Otras estrategias. Indique cuáles:;Transformacion Digital
GDI228A;¿Cuáles de las siguientes temáticas de la Política de Gobierno Digital incluyó la entidad en sus estrategias de capacitación a servidores y contratistas durante la vigencia 2022? Gobernanza;Transformacion Digital
GDI228B;¿Cuáles de las siguientes temáticas de la Política de Gobierno Digital incluyó la entidad en sus estrategias de capacitación a servidores y contratistas durante la vigencia 2022? Innovación Pública Digital;Transformacion Digital
GDI228C;¿Cuáles de las siguientes temáticas de la Política de Gobierno Digital incluyó la entidad en sus estrategias de capacitación a servidores y contratistas durante la vigencia 2022? Arquitectura de TI;Transformacion Digital
GDI228D;¿Cuáles de las siguientes temáticas de la Política de Gobierno Digital incluyó la entidad en sus estrategias de capacitación a servidores y contratistas durante la vigencia 2022? Seguridad y Privacidad de la Información;Transformacion Digital
GDI228E;¿Cuáles de las siguientes temáticas de la Política de Gobierno Digital incluyó la entidad en sus estrategias de capacitación a servidores y contratistas durante la vigencia 2022? Cultura y apropiación;Transformacion Digital
GDI228F;¿Cuáles de las siguientes temáticas de la Política de Gobierno Digital incluyó la entidad en sus estrategias de capacitación a servidores y contratistas durante la vigencia 2022? Servicios Ciudadanos Digitales;Transformacion Digital
GDI228G;¿Cuáles de las siguientes temáticas de la Política de Gobierno Digital incluyó la entidad en sus estrategias de capacitación a servidores y contratistas durante la vigencia 2022? Decisiones basadas en datos;Transformacion Digital
GDI228H;¿Cuáles de las siguientes temáticas de la Política de Gobierno Digital incluyó la entidad en sus estrategias de capacitación a servidores y contratistas durante la vigencia 2022? Estado Abierto;Transformacion Digital
GDI228I;¿Cuáles de las siguientes temáticas de la Política de Gobierno Digital incluyó la entidad en sus estrategias de capacitación a servidores y contratistas durante la vigencia 2022? Servicios y Procesos Inteligentes;Transformacion Digital
GDI228J;¿Cuáles de las siguientes temáticas de la Política de Gobierno Digital incluyó la entidad en sus estrategias de capacitación a servidores y contratistas durante la vigencia 2022? Proyectos de Transformación Digital;Transformacion Digital
GDI228K;¿Cuáles de las siguientes temáticas de la Política de Gobierno Digital incluyó la entidad en sus estrategias de capacitación a servidores y contratistas durante la vigencia 2022? Estrategias de Ciudades y Territorios Inteligentes;Transformacion Digital
GDI228L;¿Cuáles de las siguientes temáticas de la Política de Gobierno Digital incluyó la entidad en sus estrategias de capacitación a servidores y contratistas durante la vigencia 2022? Otras temáticas de la Política de Gobierno Digital. Indique cuáles:;Transformacion Digital
GDI229A;Indique las estrategias que se implementaron durante la vigencia 2022 para capacitar a los grupos de valor e interés en el uso de los medios digitales dispuestos para acceder a la oferta institucional e interactuar con la entidad: Cursos en línea dispuestos en la sede electrónica de la entidad;Transformacion Digital
GDI229B;Indique las estrategias que se implementaron durante la vigencia 2022 para capacitar a los grupos de valor e interés en el uso de los medios digitales dispuestos para acceder a la oferta institucional e interactuar con la entidad: Talleres o capacitaciones virtuales realizadas por la entidad;Transformacion Digital
GDI229C;Indique las estrategias que se implementaron durante la vigencia 2022 para capacitar a los grupos de valor e interés en el uso de los medios digitales dispuestos para acceder a la oferta institucional e interactuar con la entidad: Talleres o capacitaciones presenciales realizadas por la entidad;Transformacion Digital
GDI229D;Indique las estrategias que se implementaron durante la vigencia 2022 para capacitar a los grupos de valor e interés en el uso de los medios digitales dispuestos para acceder a la oferta institucional e interactuar con la entidad: Otras estrategias. Indique cuáles:;Transformacion Digital
GDI230A;¿Cuáles de las siguientes temáticas abordó la entidad en las estrategias de capacitación a sus grupos de valor e interés durante la vigencia 2022? Acceso a información publicada en la sede electrónica de la entidad;Transformacion Digital
GDI230B;¿Cuáles de las siguientes temáticas abordó la entidad en las estrategias de capacitación a sus grupos de valor e interés durante la vigencia 2022? Uso de canales de atención virtual;Transformacion Digital
GDI230C;¿Cuáles de las siguientes temáticas abordó la entidad en las estrategias de capacitación a sus grupos de valor e interés durante la vigencia 2022? Gestión de PQRSD a través de la sede electrónica de la entidad;Transformacion Digital
GDI230D;¿Cuáles de las siguientes temáticas abordó la entidad en las estrategias de capacitación a sus grupos de valor e interés durante la vigencia 2022? Acceso a trámites y servicios digitales dispuestos por la entidad a través de su sede electrónica;Transformacion Digital
GDI230E;¿Cuáles de las siguientes temáticas abordó la entidad en las estrategias de capacitación a sus grupos de valor e interés durante la vigencia 2022? Participación en la gestión institucional a través de medios digitales;Transformacion Digital
GDI230F;¿Cuáles de las siguientes temáticas abordó la entidad en las estrategias de capacitación a sus grupos de valor e interés durante la vigencia 2022? Otras temáticas. Indique cuáles:;Transformacion Digital
GDI231A;¿La entidad ha implementado el Modelo de Seguridad y Privacidad de la Información (MSPI)? Sí, y cuenta con las evidencias:;Transformacion Digital
GDI231B;¿La entidad ha implementado el Modelo de Seguridad y Privacidad de la Información (MSPI)? No;Transformacion Digital
GDI232A;¿La entidad elaboró un diagnóstico de seguridad y privacidad de la información para la vigencia 2022, construido a través de la herramienta de autodiagnóstico del Modelo de Seguridad y Privacidad de la Información (MSPI)? Se elaboró y se aprobó por parte del Comité de Gestión y Desempeño Institucional;Transformacion Digital
GDI232B;¿La entidad elaboró un diagnóstico de seguridad y privacidad de la información para la vigencia 2022, construido a través de la herramienta de autodiagnóstico del Modelo de Seguridad y Privacidad de la Información (MSPI)? Se elaboró, pero no se aprobó por parte del Comité de Gestión y Desempeño Institucional;Transformacion Digital
GDI232C;¿La entidad elaboró un diagnóstico de seguridad y privacidad de la información para la vigencia 2022, construido a través de la herramienta de autodiagnóstico del Modelo de Seguridad y Privacidad de la Información (MSPI)? No;Transformacion Digital
GDI233A;La política de seguridad y privacidad de la información de la entidad: Está formulada, aprobada, implementada y se actualiza mediante un proceso de mejora continua;Transformacion Digital
GDI233B;La política de seguridad y privacidad de la información de la entidad: Está formulada, aprobada e implementada, pero no se actualiza mediante un proceso de mejora continua;Transformacion Digital
GDI233C;La política de seguridad y privacidad de la información de la entidad: Está formulada y aprobada por el Comité de Gestión y Desempeño Institucional, pero aún no ha sido implementada;Transformacion Digital
GDI233D;La política de seguridad y privacidad de la información de la entidad: Está formulada pero no ha sido aprobada por el Comité de Gestión y Desempeño Institucional;Transformacion Digital
GDI233E;La política de seguridad y privacidad de la información de la entidad: La entidad no cuenta con una política de seguridad y privacidad de la información;Transformacion Digital
GDI234A;Respecto de los procedimientos de seguridad y privacidad de la información, la entidad: Los definió, aprobó, implementó, y se actualizaron mediante un proceso de mejora continua;Transformacion Digital
GDI234B;Respecto de los procedimientos de seguridad y privacidad de la información, la entidad: Los definió, aprobó e implementó, pero no se actualizaron mediante un proceso de mejora continua;Transformacion Digital
GDI234C;Respecto de los procedimientos de seguridad y privacidad de la información, la entidad: Contó con procedimientos definidos y aprobados por el Comité de Gestión y Desempeño Institucional, pero no han sido implementados;Transformacion Digital
GDI234D;Respecto de los procedimientos de seguridad y privacidad de la información, la entidad: Contó con procedimientos definidos y documentados, pero no han sido aprobados por el Comité de Gestión y Desempeño Institucional;Transformacion Digital
GDI234E;Respecto de los procedimientos de seguridad y privacidad de la información, la entidad: No cuenta con procedimientos de seguridad y privacidad de la información o están en proceso de construcción;Transformacion Digital
GDI235A;Con respecto al inventario de activos de seguridad y privacidad de la información de la entidad: El inventario estaba aprobado, clasificado y se actualiza mediante un proceso de mejora continua;Transformacion Digital
GDI235B;Con respecto al inventario de activos de seguridad y privacidad de la información de la entidad: El inventario estaba aprobado y clasificado, pero no se actualiza mediante un proceso de mejora continua;Transformacion Digital
GDI235C;Con respecto al inventario de activos de seguridad y privacidad de la información de la entidad: Se contó con el inventario y estaba aprobado por el Comité de Gestión y Desempeño Institucional;Transformacion Digital
GDI235D;Con respecto al inventario de activos de seguridad y privacidad de la información de la entidad: Se contó con el inventario, pero no ha sido aprobado por el Comité de Gestión y Desempeño Institucional;Transformacion Digital
GDI235E;Con respecto al inventario de activos de seguridad y privacidad de la información de la entidad: No cuenta con el inventario de activos de seguridad y privacidad de la información o está en proceso de construcción;Transformacion Digital
GDI236A;Con respecto a los riesgos de seguridad y privacidad de la información de la entidad: Los identificó, están aprobados, se implementó un proceso para valorarlos y se actualizan mediante un proceso de mejora continua;Transformacion Digital
GDI236B;Con respecto a los riesgos de seguridad y privacidad de la información de la entidad: Los identificó, están aprobados y se implementó un proceso para valorarlos, pero no se actualizan mediante un proceso de mejora continua;Transformacion Digital
GDI236C;Con respecto a los riesgos de seguridad y privacidad de la información de la entidad: Los identificó y están aprobados por el Comité de Gestión y Desempeño Institucional, pero aún no se implementa un proceso para valorarlos;Transformacion Digital
GDI236D;Con respecto a los riesgos de seguridad y privacidad de la información de la entidad: Los identificó, pero no han sido aprobados por el Comité de Gestión y Desempeño Institucional;Transformacion Digital
GDI236E;Con respecto a los riesgos de seguridad y privacidad de la información de la entidad: No se han identificado los riesgos de seguridad y privacidad de la información;Transformacion Digital
GDI237A;¿La entidad implementó el plan de tratamiento de riesgos de seguridad de la información? Sí, y cuenta con las evidencias:;Transformacion Digital
GDI237B;¿La entidad implementó el plan de tratamiento de riesgos de seguridad de la información? Está en proceso de implementarlo. Ingrese las evidencias:;Transformacion Digital
GDI237C;¿La entidad implementó el plan de tratamiento de riesgos de seguridad de la información? No;Transformacion Digital
GDI238A;Con respecto al plan operacional de seguridad y privacidad de la información de la entidad: El plan estaba aprobado, implementado y se actualiza mediante un proceso de mejora continua;Transformacion Digital
GDI238B;Con respecto al plan operacional de seguridad y privacidad de la información de la entidad: El plan estaba aprobado y se implementó, pero no se actualiza mediante un proceso de mejora continua;Transformacion Digital
GDI238C;Con respecto al plan operacional de seguridad y privacidad de la información de la entidad: Se contó con un plan y fue aprobado por el Comité de Gestión y Desempeño Institucional;Transformacion Digital
GDI238D;Con respecto al plan operacional de seguridad y privacidad de la información de la entidad: Se contó con un plan, pero no ha sido aprobado;Transformacion Digital
GDI238E;Con respecto al plan operacional de seguridad y privacidad de la información de la entidad: No se cuenta con un plan operacional de seguridad y privacidad de la información;Transformacion Digital
GDI239A;Con respecto a los indicadores de implementación del Modelo de Seguridad y Privacidad de la Información (MSPI) , la entidad: Los definió, aprobó, implementó y se actualizaron mediante un proceso de mejora continua;Transformacion Digital
GDI239B;Con respecto a los indicadores de implementación del Modelo de Seguridad y Privacidad de la Información (MSPI) , la entidad: Los definió, aprobó e implementó, pero no se actualizaron mediante un proceso de mejora continua;Transformacion Digital
GDI239C;Con respecto a los indicadores de implementación del Modelo de Seguridad y Privacidad de la Información (MSPI) , la entidad: Los definió y aprobó el Comité de Gestión y Desempeño Institucional, pero no los implementó;Transformacion Digital
GDI239D;Con respecto a los indicadores de implementación del Modelo de Seguridad y Privacidad de la Información (MSPI) , la entidad: Los definió, pero no han sido aprobados por el Comité de Gestión y Desempeño Institucional;Transformacion Digital
GDI239E;Con respecto a los indicadores de implementación del Modelo de Seguridad y Privacidad de la Información (MSPI) , la entidad: No se han definido indicadores para medir la eficiencia y eficacia de la implementación del MSPI en la entidad;Transformacion Digital
GDI240A;Con respecto a las auditorias de seguridad de la información de la vigencia 2022: La entidad realizó auditorías internas, externas y de certificación o recertificación respecto al estándar ISO 27001;Transformacion Digital
GDI240B;Con respecto a las auditorias de seguridad de la información de la vigencia 2022: La entidad realizó auditorías internas y externas, pero no de certificación o recertificación respecto al estándar ISO 27001;Transformacion Digital
GDI240C;Con respecto a las auditorias de seguridad de la información de la vigencia 2022: La entidad solo realizó auditorías internas;Transformacion Digital
GDI240D;Con respecto a las auditorias de seguridad de la información de la vigencia 2022: La entidad no priorizó este tema en su plan anual de auditorías (universo de unidades auditables);Transformacion Digital
GDI240E;Con respecto a las auditorias de seguridad de la información de la vigencia 2022: La entidad no realizó auditorías;Transformacion Digital
GDI241A;Para vincularse al servicio de interoperabilidad, ¿la entidad dispuso de un servidor con las características establecidas en el anexo 2 del Decreto 620 de 2020? Sí, y cuenta con las evidencias:;Transformacion Digital
GDI241B;Para vincularse al servicio de interoperabilidad, ¿la entidad dispuso de un servidor con las características establecidas en el anexo 2 del Decreto 620 de 2020? No;Transformacion Digital
GDI242A;El servicio de interoperabilidad a través de la plataforma X-ROAD le ha permitido a la entidad: Reducir los tiempos de respuesta de los trámites. Indique cuánto tiempo promedio por trámite para la vigencia 2022:;Transformacion Digital
GDI242B;El servicio de interoperabilidad a través de la plataforma X-ROAD le ha permitido a la entidad: Reducir los costos de operación. Indique el monto en pesos para la vigencia 2022:;Transformacion Digital
GDI242C;El servicio de interoperabilidad a través de la plataforma X-ROAD le ha permitido a la entidad: Otros beneficios. Indique cuáles:;Transformacion Digital
GDI242D;El servicio de interoperabilidad a través de la plataforma X-ROAD le ha permitido a la entidad: Según las mediciones adelantadas por la entidad, el servicio de Interoperabilidad no le ha generado beneficios. Ingrese las evidencias:;Transformacion Digital
GDI242E;El servicio de interoperabilidad a través de la plataforma X-ROAD le ha permitido a la entidad: La entidad no ha desarrollado mediciones para evaluar los beneficios de utilizar el servicio de Interoperabilidad;Transformacion Digital
GDI243;Indique el promedio mensual de transacciones proyectadas a realizar por la entidad en la vigencia 2023 a través de la plataforma de interoperabilidad X-ROAD: ;Transformacion Digital
GDI244A;Para apoyar la toma de decisiones relacionadas con su misionalidad, la entidad: Utilizó datos propios de la entidad. Especifique cuáles:;Transformacion Digital
GDI244B;Para apoyar la toma de decisiones relacionadas con su misionalidad, la entidad: Utilizó datos externos a la entidad. Especifique cuáles:;Transformacion Digital
GDI244C;Para apoyar la toma de decisiones relacionadas con su misionalidad, la entidad: La entidad no toma decisiones basadas en datos;Transformacion Digital
GDI245A;En cuáles de los siguientes niveles la entidad toma decisiones basadas en datos: Estratégico: es el nivel en el que se definen las políticas, estrategias y prioridades para el desarrollo de la infraestructura de datos. Determina los objetivos a largo plazo y el modo en que las partes interesadas han de interactuar entre sí;Transformacion Digital
GDI245B;En cuáles de los siguientes niveles la entidad toma decisiones basadas en datos: Táctico: es el nivel en el que se elaboran los planes, programas, iniciativas, proyectos, procesos y procedimientos para alcanzar los objetivos definidos por el nivel estratégico. Efectúa el control de la gestión realizada por el nivel operacional y soporta las decisiones que se toman y que afectan a las múltiples partes interesadas;Transformacion Digital
GDI245C;En cuáles de los siguientes niveles la entidad toma decisiones basadas en datos: Operacional: es el nivel en el que se implementan y llevan a cabo los lineamientos, actividades y tareas definidas en los planes, iniciativas, proyectos y procedimientos acordados por el nivel táctico;Transformacion Digital
GDI246A;¿Cuáles de las siguientes fases del ciclo de vida del dato se gestionaron en la entidad durante la vigencia evaluada? Creación;Transformacion Digital
GDI246B;¿Cuáles de las siguientes fases del ciclo de vida del dato se gestionaron en la entidad durante la vigencia evaluada? Procesamiento;Transformacion Digital
GDI246C;¿Cuáles de las siguientes fases del ciclo de vida del dato se gestionaron en la entidad durante la vigencia evaluada? Almacenamiento;Transformacion Digital
GDI246D;¿Cuáles de las siguientes fases del ciclo de vida del dato se gestionaron en la entidad durante la vigencia evaluada? Intercambio;Transformacion Digital
GDI246E;¿Cuáles de las siguientes fases del ciclo de vida del dato se gestionaron en la entidad durante la vigencia evaluada? Uso y análisis de datos;Transformacion Digital
GDI246F;¿Cuáles de las siguientes fases del ciclo de vida del dato se gestionaron en la entidad durante la vigencia evaluada? Archivo y preservación;Transformacion Digital
GDI246G;¿Cuáles de las siguientes fases del ciclo de vida del dato se gestionaron en la entidad durante la vigencia evaluada? La entidad no gestionó ninguna fase del ciclo de vida del dato;Transformacion Digital
GDI247A;¿Cuáles de las siguientes características cumplieron los conjuntos de datos utilizados por la entidad en el desarrollo o mantenimiento de soluciones basadas en datos?: Consistencia: son coherentes con otros datos de su mismo contexto de uso y utilizan la misma codificación de variables y etiquetas;Transformacion Digital
GDI247B;¿Cuáles de las siguientes características cumplieron los conjuntos de datos utilizados por la entidad en el desarrollo o mantenimiento de soluciones basadas en datos?: Precisión: se presentan desde su fuente primaria y representan la realidad;Transformacion Digital
GDI247C;¿Cuáles de las siguientes características cumplieron los conjuntos de datos utilizados por la entidad en el desarrollo o mantenimiento de soluciones basadas en datos?: Completitud: están diligenciados a cabalidad y disponibles para su uso;Transformacion Digital
GDI247D;¿Cuáles de las siguientes características cumplieron los conjuntos de datos utilizados por la entidad en el desarrollo o mantenimiento de soluciones basadas en datos?: Temporalidad: están disponibles cuando se necesitan;Transformacion Digital
GDI247E;¿Cuáles de las siguientes características cumplieron los conjuntos de datos utilizados por la entidad en el desarrollo o mantenimiento de soluciones basadas en datos?: Validez: están diseñados con los requisitos adecuados para ser utilizados;Transformacion Digital
GDI247F;¿Cuáles de las siguientes características cumplieron los conjuntos de datos utilizados por la entidad en el desarrollo o mantenimiento de soluciones basadas en datos?: Unicidad: son únicos, no se encuentran duplicados y no pueden confundirse;Transformacion Digital
GDI247G;¿Cuáles de las siguientes características cumplieron los conjuntos de datos utilizados por la entidad en el desarrollo o mantenimiento de soluciones basadas en datos?: Ninguna de las anteriores;Transformacion Digital
GDI248A;Cuáles de las siguientes técnicas de análisis de datos implementó la entidad durante la vigencia evaluada: Análisis descriptivo, es decir, utiliza técnicas estadísticas para describir una situación pasada o actual;Cultura y apropiacion
GDI248B;Cuáles de las siguientes técnicas de análisis de datos implementó la entidad durante la vigencia evaluada: Análisis de causalidad, es decir, hace uso de técnicas estadísticas de causalidad (causa y efecto), donde se analiza cómo un conjunto de variables puede afectar el comportamiento de otra variable;Cultura y apropiacion
GDI248C;Cuáles de las siguientes técnicas de análisis de datos implementó la entidad durante la vigencia evaluada: Análisis predictivo, es decir, realiza análisis estadísticos o de aprendizaje de máquina para predecir las tendencias o posibles comportamientos futuros de una variable;Cultura y apropiacion
GDI248D;Cuáles de las siguientes técnicas de análisis de datos implementó la entidad durante la vigencia evaluada: Análisis prescriptivo, es decir, incorpora algoritmos de optimización, análisis de decisión multicriterio y reglas de negocio, con el propósito de establecer cuál es la mejor acción (actual o futura) a tomar bajo un contexto especifico;Cultura y apropiacion
GDI248E;Cuáles de las siguientes técnicas de análisis de datos implementó la entidad durante la vigencia evaluada: Ninguna de las anteriores;Cultura y apropiacion
GDI249A;Con respecto a la gestión de datos, la entidad: Documentó e implementó un modelo de gobierno de datos;Cultura y apropiacion
GDI249B;Con respecto a la gestión de datos, la entidad: Contó con un inventario y diccionario de datos;Cultura y apropiacion
GDI249C;Con respecto a la gestión de datos, la entidad: Evaluó las capacidades y competencias de la entidad con relación al uso y explotación de datos;Cultura y apropiacion
GDI249D;Con respecto a la gestión de datos, la entidad: Evaluó la implementación de lineamientos en materia de datos;Cultura y apropiacion
GDI249E;Con respecto a la gestión de datos, la entidad: Ninguna de las anteriores;Cultura y apropiacion
GDI250A;Para la gestión de datos maestros, la entidad: Contó con un catálogo interno de datos maestros;Cultura y apropiacion
GDI250B;Para la gestión de datos maestros, la entidad: Identificó cuáles de los datos maestros son datos de referencia;Cultura y apropiacion
GDI250C;Para la gestión de datos maestros, la entidad: Contó con una plataforma para la gestión y distribución de datos maestros;Cultura y apropiacion
GDI250D;Para la gestión de datos maestros, la entidad: Contó con un proceso para la gestión de datos maestros;Cultura y apropiacion
GDI250E;Para la gestión de datos maestros, la entidad: Ninguna de las anteriores;Cultura y apropiacion
GDI251A;¿Cuáles son las razones por las que la entidad no tomó decisiones basadas en datos? La entidad considera que no requiere del uso de datos para tomar decisiones relacionadas con su misionalidad;Cultura y apropiacion
GDI251B;¿Cuáles son las razones por las que la entidad no tomó decisiones basadas en datos? La entidad no contó con el capital humano requerido;Cultura y apropiacion
GDI251C;¿Cuáles son las razones por las que la entidad no tomó decisiones basadas en datos? La entidad no contó con la infraestructura tecnológica requerida;Cultura y apropiacion
GDI251D;¿Cuáles son las razones por las que la entidad no tomó decisiones basadas en datos? La gestión y el gobierno de los datos son insuficientes para tener datos que permitan tomar decisiones;Cultura y apropiacion
GDI251E;¿Cuáles son las razones por las que la entidad no tomó decisiones basadas en datos? Otras. Indique cuáles:;Cultura y apropiacion
GDI252A;Señale los criterios de accesibilidad web, establecidos en el anexo 1 de la Resolución 1519 de 2020, que cumplió la entidad durante la vigencia evaluada en todas las secciones de su Sede Electrónica: CC1. Alternativa texto para elementos no textuales;Seguridad
GDI252B;Señale los criterios de accesibilidad web, establecidos en el anexo 1 de la Resolución 1519 de 2020, que cumplió la entidad durante la vigencia evaluada en todas las secciones de su Sede Electrónica: CC2. Complemento para videos o elementos multimedia;Seguridad
GDI252C;Señale los criterios de accesibilidad web, establecidos en el anexo 1 de la Resolución 1519 de 2020, que cumplió la entidad durante la vigencia evaluada en todas las secciones de su Sede Electrónica: CC3. Guion para solo video y solo audio;Seguridad
GDI252D;Señale los criterios de accesibilidad web, establecidos en el anexo 1 de la Resolución 1519 de 2020, que cumplió la entidad durante la vigencia evaluada en todas las secciones de su Sede Electrónica: CC4. Textos e imágenes ampliables y en tamaños adecuados;Seguridad
GDI252E;Señale los criterios de accesibilidad web, establecidos en el anexo 1 de la Resolución 1519 de 2020, que cumplió la entidad durante la vigencia evaluada en todas las secciones de su Sede Electrónica: CC5.Contraste de color suficiente en textos e imágenes;Seguridad
GDI252F;Señale los criterios de accesibilidad web, establecidos en el anexo 1 de la Resolución 1519 de 2020, que cumplió la entidad durante la vigencia evaluada en todas las secciones de su Sede Electrónica: CC6. Imágenes alternas al texto cuando sea posible;Seguridad
GDI252G;Señale los criterios de accesibilidad web, establecidos en el anexo 1 de la Resolución 1519 de 2020, que cumplió la entidad durante la vigencia evaluada en todas las secciones de su Sede Electrónica: CC7. Identificación coherente;Seguridad
GDI252H;Señale los criterios de accesibilidad web, establecidos en el anexo 1 de la Resolución 1519 de 2020, que cumplió la entidad durante la vigencia evaluada en todas las secciones de su Sede Electrónica: CC8. Todo documento y página organizado en secciones;Seguridad
GDI252I;Señale los criterios de accesibilidad web, establecidos en el anexo 1 de la Resolución 1519 de 2020, que cumplió la entidad durante la vigencia evaluada en todas las secciones de su Sede Electrónica: CC9. Contenedores como tablas y listas usados correctamente;Seguridad
GDI252J;Señale los criterios de accesibilidad web, establecidos en el anexo 1 de la Resolución 1519 de 2020, que cumplió la entidad durante la vigencia evaluada en todas las secciones de su Sede Electrónica: CC10. Permitir saltar bloques que se repiten;Seguridad
GDI252K;Señale los criterios de accesibilidad web, establecidos en el anexo 1 de la Resolución 1519 de 2020, que cumplió la entidad durante la vigencia evaluada en todas las secciones de su Sede Electrónica: CC11. Lenguaje de marcado bien utilizado;Seguridad
GDI252L;Señale los criterios de accesibilidad web, establecidos en el anexo 1 de la Resolución 1519 de 2020, que cumplió la entidad durante la vigencia evaluada en todas las secciones de su Sede Electrónica: CC12. Permitir encontrar las páginas por múltiples vías;Seguridad
GDI252M;Señale los criterios de accesibilidad web, establecidos en el anexo 1 de la Resolución 1519 de 2020, que cumplió la entidad durante la vigencia evaluada en todas las secciones de su Sede Electrónica: CC13. Navegación coherente;Seguridad
GDI252N;Señale los criterios de accesibilidad web, establecidos en el anexo 1 de la Resolución 1519 de 2020, que cumplió la entidad durante la vigencia evaluada en todas las secciones de su Sede Electrónica: CC14. Orden adecuado de los contenidos si es significativo;Seguridad
GDI252O;Señale los criterios de accesibilidad web, establecidos en el anexo 1 de la Resolución 1519 de 2020, que cumplió la entidad durante la vigencia evaluada en todas las secciones de su Sede Electrónica: CC15. Advertencias bien ubicadas;Seguridad
GDI252P;Señale los criterios de accesibilidad web, establecidos en el anexo 1 de la Resolución 1519 de 2020, que cumplió la entidad durante la vigencia evaluada en todas las secciones de su Sede Electrónica: CC16. Orden adecuado de los elementos al navegar con tabulación;Seguridad
GDI252Q;Señale los criterios de accesibilidad web, establecidos en el anexo 1 de la Resolución 1519 de 2020, que cumplió la entidad durante la vigencia evaluada en todas las secciones de su Sede Electrónica: CC17. Foco visible al navegar con tabulación;Seguridad
GDI252R;Señale los criterios de accesibilidad web, establecidos en el anexo 1 de la Resolución 1519 de 2020, que cumplió la entidad durante la vigencia evaluada en todas las secciones de su Sede Electrónica: CC18. No utilizar audio automático;Seguridad
GDI252S;Señale los criterios de accesibilidad web, establecidos en el anexo 1 de la Resolución 1519 de 2020, que cumplió la entidad durante la vigencia evaluada en todas las secciones de su Sede Electrónica: CC19. Permitir control de eventos temporizados;Seguridad
GDI252T;Señale los criterios de accesibilidad web, establecidos en el anexo 1 de la Resolución 1519 de 2020, que cumplió la entidad durante la vigencia evaluada en todas las secciones de su Sede Electrónica: CC20. Permitir control de contenidos con movimiento y parpadeo;Seguridad
GDI252U;Señale los criterios de accesibilidad web, establecidos en el anexo 1 de la Resolución 1519 de 2020, que cumplió la entidad durante la vigencia evaluada en todas las secciones de su Sede Electrónica: CC21. No generar actualización automática de páginas;Seguridad
GDI252V;Señale los criterios de accesibilidad web, establecidos en el anexo 1 de la Resolución 1519 de 2020, que cumplió la entidad durante la vigencia evaluada en todas las secciones de su Sede Electrónica: CC22. No generar cambios automáticos al recibir el foco o entradas;Seguridad
GDI252W;Señale los criterios de accesibilidad web, establecidos en el anexo 1 de la Resolución 1519 de 2020, que cumplió la entidad durante la vigencia evaluada en todas las secciones de su Sede Electrónica: CC23. Utilice textos adecuados en títulos, páginas y secciones;Seguridad
GDI252X;Señale los criterios de accesibilidad web, establecidos en el anexo 1 de la Resolución 1519 de 2020, que cumplió la entidad durante la vigencia evaluada en todas las secciones de su Sede Electrónica: CC24. Utilice nombres e indicaciones claras en campos de formulario;Seguridad
GDI252Y;Señale los criterios de accesibilidad web, establecidos en el anexo 1 de la Resolución 1519 de 2020, que cumplió la entidad durante la vigencia evaluada en todas las secciones de su Sede Electrónica: CC25. Utilice instrucciones expresas y claras;Seguridad
GDI252Z;Señale los criterios de accesibilidad web, establecidos en el anexo 1 de la Resolución 1519 de 2020, que cumplió la entidad durante la vigencia evaluada en todas las secciones de su Sede Electrónica: CC26. Enlaces adecuados;Seguridad
GDI252AA;Señale los criterios de accesibilidad web, establecidos en el anexo 1 de la Resolución 1519 de 2020, que cumplió la entidad durante la vigencia evaluada en todas las secciones de su Sede Electrónica: CC27. Idioma;Seguridad
GDI252AB;Señale los criterios de accesibilidad web, establecidos en el anexo 1 de la Resolución 1519 de 2020, que cumplió la entidad durante la vigencia evaluada en todas las secciones de su Sede Electrónica: CC28. Manejo del error;Seguridad
GDI252AC;Señale los criterios de accesibilidad web, establecidos en el anexo 1 de la Resolución 1519 de 2020, que cumplió la entidad durante la vigencia evaluada en todas las secciones de su Sede Electrónica: CC29. Imágenes de texto;Seguridad
GDI252AD;Señale los criterios de accesibilidad web, establecidos en el anexo 1 de la Resolución 1519 de 2020, que cumplió la entidad durante la vigencia evaluada en todas las secciones de su Sede Electrónica: CC30. Objetos programados;Seguridad
GDI252AE;Señale los criterios de accesibilidad web, establecidos en el anexo 1 de la Resolución 1519 de 2020, que cumplió la entidad durante la vigencia evaluada en todas las secciones de su Sede Electrónica: CC31. Desde una letra hasta un elemento complejo utilizable;Seguridad
GDI252AF;Señale los criterios de accesibilidad web, establecidos en el anexo 1 de la Resolución 1519 de 2020, que cumplió la entidad durante la vigencia evaluada en todas las secciones de su Sede Electrónica: CC32. Manejable por teclado;Seguridad
GDI252AG;Señale los criterios de accesibilidad web, establecidos en el anexo 1 de la Resolución 1519 de 2020, que cumplió la entidad durante la vigencia evaluada en todas las secciones de su Sede Electrónica: Ninguna de las anteriores;Seguridad
GDI253A;¿La entidad generó o actualizó conjuntos de datos abiertos propios durante la vigencia evaluada? Sí, y cuenta con las evidencias:;Estado Abierto
GDI253B;¿La entidad generó o actualizó conjuntos de datos abiertos propios durante la vigencia evaluada? No;Estado Abierto
GDI253C;¿La entidad generó o actualizó conjuntos de datos abiertos propios durante la vigencia evaluada? No tienen conocimiento al respecto;Estado Abierto
GDI254A;Con respecto a los requisitos sobre conjuntos de datos abiertos establecidos en el anexo 4 de la Resolución 1519 de 2020, la entidad: Cargó el registro de activos de información y el análisis de criticidad a través de la herramienta dispuesta en el Portal de Datos Abiertos www.datos.gov.co;Estado Abierto
GDI254B;Con respecto a los requisitos sobre conjuntos de datos abiertos establecidos en el anexo 4 de la Resolución 1519 de 2020, la entidad: Aprobó y publicó la licencia de datos abiertos, mediante la cual se determina el alcance, uso y aprovechamiento que los particulares o terceros interesados puedan efectuar sobre los mismos;Estado Abierto
GDI254C;Con respecto a los requisitos sobre conjuntos de datos abiertos establecidos en el anexo 4 de la Resolución 1519 de 2020, la entidad: Ninguna de las anteriores;Estado Abierto
GDI255A;¿La entidad cuenta con un portal propio de datos abiertos? Si, y se encuentra federado al Portal de Datos Abiertos (www.datos.gov.co);Estado Abierto
GDI255B;¿La entidad cuenta con un portal propio de datos abiertos? Si, pero no se encuentra federado al Portal de Datos Abiertos (www.datos.gov.co). Ingrese la URL del portal propio de datos abiertos:;Estado Abierto
GDI255C;¿La entidad cuenta con un portal propio de datos abiertos? No;Estado Abierto
GDI256A;Con respecto a los datos abiertos de la entidad, indique: ¿Cuántos conjuntos de datos abiertos estratégicos (por ej. aquellos que contribuyen al logro de la misión institucional, de alto impacto social, más demandados) fueron identificados?;Estado Abierto
GDI256B;Con respecto a los datos abiertos de la entidad, indique: ¿Cuántos de los conjuntos de datos abiertos estratégicos identificados fueron publicados en el catálogo de datos del Estado colombiano www.datos.gov.co?;Estado Abierto
GDI256C;Con respecto a los datos abiertos de la entidad, indique: ¿Cuántos de los conjuntos de datos abiertos estratégicos fueron publicados, están actualizados y fueron difundidos?;Estado Abierto
GDI256D;Con respecto a los datos abiertos de la entidad, indique: ¿Cuántos de los conjuntos de datos abiertos estratégicos de la entidad fueron desarrollados en procesos de cocreación o consulta pública?;Estado Abierto
GDI257A;Con respecto a los usuarios de los datos abiertos estratégicos de la entidad, indique: Número total de usuarios de los datos abiertos de la entidad contactados durante 2022:;Estado Abierto
GDI257B;Con respecto a los usuarios de los datos abiertos estratégicos de la entidad, indique: Número total de usuarios contactados y satisfechos con el uso de los datos abiertos de la entidad durante 2022:;Estado Abierto
GDI257C;Con respecto a los usuarios de los datos abiertos estratégicos de la entidad, indique: La entidad no mide la satisfacción de los usuarios con el uso de los datos abiertos;Estado Abierto
GDI258A;Con respecto a las iniciativas dinamizadoras de la Política de Gobierno Digital, la entidad: Formuló o ejecutó Proyectos de Transformación Digital durante la vigencia 2022;Estado Abierto
GDI258B;Con respecto a las iniciativas dinamizadoras de la Política de Gobierno Digital, la entidad: Formuló lineamientos sobre Ciudades y Territorios Inteligentes durante la vigencia 2022 (aplica solo para entidades de nación);Estado Abierto
GDI258C;Con respecto a las iniciativas dinamizadoras de la Política de Gobierno Digital, la entidad: Formuló o ejecutó Estrategias de Ciudades y Territorios Inteligentes durante la vigencia 2022 (aplica solo para entidades de territorio);Estado Abierto
GDI258D;Con respecto a las iniciativas dinamizadoras de la Política de Gobierno Digital, la entidad: Ninguna de las anteriores;Estado Abierto
GDI260A;Con respecto a los Proyectos de Transformación Digital formulados o ejecutados por la entidad durante la vigencia 2022: Fueron aprobados por el Comité de Gestión y Desempeño Institucional, y se incluyeron en el PETI;Estado Abierto
GDI260B;Con respecto a los Proyectos de Transformación Digital formulados o ejecutados por la entidad durante la vigencia 2022: Fueron aprobados por el Comité de Gestión y Desempeño Institucional, pero no se incluyeron en el PETI;Estado Abierto
GDI260C;Con respecto a los Proyectos de Transformación Digital formulados o ejecutados por la entidad durante la vigencia 2022: Ninguna de las anteriores;Estado Abierto
GDI261A;Los proyectos de Transformación Digital formulados o ejecutados por la entidad durante el 2022 buscaron generar beneficios en términos de: La habilitación o mejora en la provisión de trámites y servicios digitales a los ciudadanos (nuevos servicios, más cobertura, mayor inclusión, menores tiempos, menores costos, etc.);Estado Abierto
GDI261B;Los proyectos de Transformación Digital formulados o ejecutados por la entidad durante el 2022 buscaron generar beneficios en términos de: La habilitación o mejora de procesos internos de la entidad (más eficientes, menos costos, más seguros, etc.);Estado Abierto
GDI261C;Los proyectos de Transformación Digital formulados o ejecutados por la entidad durante el 2022 buscaron generar beneficios en términos de: La toma de decisiones basada en datos a partir del aumento en el uso y aprovechamiento de la información;Estado Abierto
GDI261D;Los proyectos de Transformación Digital formulados o ejecutados por la entidad durante el 2022 buscaron generar beneficios en términos de: El impulso al desarrollo de territorios y ciudades inteligentes para la solución de retos y problemáticas sociales;Estado Abierto
GDI261E;Los proyectos de Transformación Digital formulados o ejecutados por la entidad durante el 2022 buscaron generar beneficios en términos de: El empoderamiento a los ciudadanos como Estado Abierto habilitando el acceso a información pública generada por la entidad y procesos de participación ciudadana;Estado Abierto
GDI261F;Los proyectos de Transformación Digital formulados o ejecutados por la entidad durante el 2022 buscaron generar beneficios en términos de: Otros. ¿Cuáles?:;Estado Abierto
GDI261G;Los proyectos de Transformación Digital formulados o ejecutados por la entidad durante el 2022 buscaron generar beneficios en términos de: Ninguno de los anteriores;Estado Abierto
GDI262A;¿Cuáles de los siguientes lineamientos establecidos en el Decreto 1263 de 2022 se cumplieron en los proyectos de Transformación Digital formulados o ejecutados por la entidad durante el 2022? Uso de infraestructura de datos dando cumplimiento al Plan Nacional de Infraestructura de Datos, la línea de acción de decisiones basadas en datos y el habilitador de seguridad y privacidad de la información;Arquitectura
GDI262B;¿Cuáles de los siguientes lineamientos establecidos en el Decreto 1263 de 2022 se cumplieron en los proyectos de Transformación Digital formulados o ejecutados por la entidad durante el 2022? Interoperabilidad entre los sistemas de información públicos para suministro e intercambio de la información conforme a los principios señalados en la Ley 1581 de 2012;Arquitectura
GDI262C;¿Cuáles de los siguientes lineamientos establecidos en el Decreto 1263 de 2022 se cumplieron en los proyectos de Transformación Digital formulados o ejecutados por la entidad durante el 2022? Uso de mecanismos de digitalización y automatización de trámites, servicios y procesos y su vinculación al Portal Único del Estado Colombiano;Arquitectura
GDI262D;¿Cuáles de los siguientes lineamientos establecidos en el Decreto 1263 de 2022 se cumplieron en los proyectos de Transformación Digital formulados o ejecutados por la entidad durante el 2022? Uso de mecanismos de agregación de demanda, como acuerdos marco de precios vigentes u otros mecanismos que hayan sido establecidos por la Agencia Nacional de Contratación Pública o la modalidad de contratación contenida en el marco de la Política de compras y contratación pública;Arquitectura
GDI262E;¿Cuáles de los siguientes lineamientos establecidos en el Decreto 1263 de 2022 se cumplieron en los proyectos de Transformación Digital formulados o ejecutados por la entidad durante el 2022? Implementación, migración y uso de servicios de nube, en armonía con el principio de neutralidad tecnológica y normatividad vigente;Arquitectura
GDI262F;¿Cuáles de los siguientes lineamientos establecidos en el Decreto 1263 de 2022 se cumplieron en los proyectos de Transformación Digital formulados o ejecutados por la entidad durante el 2022? Uso de mecanismos exploratorios de regulación como Sandbox;Arquitectura
GDI262G;¿Cuáles de los siguientes lineamientos establecidos en el Decreto 1263 de 2022 se cumplieron en los proyectos de Transformación Digital formulados o ejecutados por la entidad durante el 2022? Uso de tecnologías emergentes tales como inteligencia artificial, internet de las cosas (IoT), big data o blockchain;Arquitectura
GDI262H;¿Cuáles de los siguientes lineamientos establecidos en el Decreto 1263 de 2022 se cumplieron en los proyectos de Transformación Digital formulados o ejecutados por la entidad durante el 2022? Ninguno de los anteriores;Arquitectura
GDI263A;"Indique las características que cumplió la Estrategia de Ciudades y Territorios Inteligentes formulada o ejecutada por la entidad durante la vigencia 2022: Accesible. La estrategia fue formulada,diseñada e implementada en entornos tecnológicos intuitivos e incluyentes que facilitan el acceso de cualquier persona, sin importar sus condiciones físicas";Arquitectura
GDI263B;Indique las características que cumplió la Estrategia de Ciudades y Territorios Inteligentes formulada o ejecutada por la entidad durante la vigencia 2022: Se apoyó en el uso de TI. La estrategia incorpora el uso de tecnologías de la información para solucionar problemáticas o necesidades del territorio;Arquitectura
GDI263C;Indique las características que cumplió la Estrategia de Ciudades y Territorios Inteligentes formulada o ejecutada por la entidad durante la vigencia 2022: Fortalece capacidades. Se capacita a los usuarios en el uso de las soluciones habilitadas por la estrategia;Arquitectura
GDI263D;Indique las características que cumplió la Estrategia de Ciudades y Territorios Inteligentes formulada o ejecutada por la entidad durante la vigencia 2022: Aumenta la confianza en la gestión pública. La estrategia se construye de forma colaborativa con los Grupos de Interés (ciudadanía, sector privado, sector público, sociedad civil, academia) de la ciudad o territorio;Arquitectura
GDI263E;Indique las características que cumplió la Estrategia de Ciudades y Territorios Inteligentes formulada o ejecutada por la entidad durante la vigencia 2022: Interopera con otras soluciones tecnológicas. Las soluciones tecnológicas de la estrategia funcionan de forma integrada con otras soluciones tecnológicas del territorio;Arquitectura
GDI263F;Indique las características que cumplió la Estrategia de Ciudades y Territorios Inteligentes formulada o ejecutada por la entidad durante la vigencia 2022: Tiene como objetivo principal mejorar la calidad de vida de la ciudadanía. Se identifica de forma clara las dimensiones / subdimensiones del modelo de madurez de Ciudades y Territorios Inteligentes, que se impactan con la estrategia;Arquitectura
GDI263G;Indique las características que cumplió la Estrategia de Ciudades y Territorios Inteligentes formulada o ejecutada por la entidad durante la vigencia 2022: Genera datos (información) que mejoran la toma de decisiones de los actores de la ciudad o territorio;Arquitectura
GDI263H;Indique las características que cumplió la Estrategia de Ciudades y Territorios Inteligentes formulada o ejecutada por la entidad durante la vigencia 2022: Es sostenible. La entidad territorial tiene previstos los recursos para garantizar el funcionamiento continuo de la estrategia;Arquitectura
GDI263I;Indique las características que cumplió la Estrategia de Ciudades y Territorios Inteligentes formulada o ejecutada por la entidad durante la vigencia 2022: Es eficiente en el uso de los recursos económicos. La entidad adquirió bienes y servicios relacionados con la estrategia mediante los Acuerdos Marco de Precio disponibles en la Tienda Virtual del Estado Colombiano (cuando aplique);Arquitectura
GDI263J;Indique las características que cumplió la Estrategia de Ciudades y Territorios Inteligentes formulada o ejecutada por la entidad durante la vigencia 2022: Ninguna de las anteriores;Arquitectura
GDI264A;¿Qué dimensiones del Modelo de Madurez de Ciudades y Territorios Inteligentes abordaron las estrategias que formuló o ejecutó la entidad durante la vigencia 2022? Medio ambiente;Arquitectura
GDI264B;¿Qué dimensiones del Modelo de Madurez de Ciudades y Territorios Inteligentes abordaron las estrategias que formuló o ejecutó la entidad durante la vigencia 2022? Hábitat;Arquitectura
GDI264C;¿Qué dimensiones del Modelo de Madurez de Ciudades y Territorios Inteligentes abordaron las estrategias que formuló o ejecutó la entidad durante la vigencia 2022? Personas;Arquitectura
GDI264D;¿Qué dimensiones del Modelo de Madurez de Ciudades y Territorios Inteligentes abordaron las estrategias que formuló o ejecutó la entidad durante la vigencia 2022? Calidad de vida;Arquitectura
GDI264E;¿Qué dimensiones del Modelo de Madurez de Ciudades y Territorios Inteligentes abordaron las estrategias que formuló o ejecutó la entidad durante la vigencia 2022? Desarrollo económico;Arquitectura
GDI264F;¿Qué dimensiones del Modelo de Madurez de Ciudades y Territorios Inteligentes abordaron las estrategias que formuló o ejecutó la entidad durante la vigencia 2022? Gobernanza;Arquitectura
GDI264G;¿Qué dimensiones del Modelo de Madurez de Ciudades y Territorios Inteligentes abordaron las estrategias que formuló o ejecutó la entidad durante la vigencia 2022? No utilizó el Modelo de Ciudades y Territorios Inteligentes para desarrollar su Estrategia de Ciudades y Territorios Inteligentes;Arquitectura
GDI265A;¿Qué dimensiones del Modelo de Madurez de Ciudades y Territorios Inteligentes abordan los lineamientos que la entidad formuló en la vigencia 2022? Medio ambiente;Arquitectura
GDI265B;¿Qué dimensiones del Modelo de Madurez de Ciudades y Territorios Inteligentes abordan los lineamientos que la entidad formuló en la vigencia 2022? Hábitat;Arquitectura
GDI265C;¿Qué dimensiones del Modelo de Madurez de Ciudades y Territorios Inteligentes abordan los lineamientos que la entidad formuló en la vigencia 2022? Personas;Arquitectura
GDI265D;¿Qué dimensiones del Modelo de Madurez de Ciudades y Territorios Inteligentes abordan los lineamientos que la entidad formuló en la vigencia 2022? Calidad de vida;Arquitectura
GDI265E;¿Qué dimensiones del Modelo de Madurez de Ciudades y Territorios Inteligentes abordan los lineamientos que la entidad formuló en la vigencia 2022? Desarrollo económico;Arquitectura
GDI265F;¿Qué dimensiones del Modelo de Madurez de Ciudades y Territorios Inteligentes abordan los lineamientos que la entidad formuló en la vigencia 2022? Gobernanza;Arquitectura
GDI265G;¿Qué dimensiones del Modelo de Madurez de Ciudades y Territorios Inteligentes abordan los lineamientos que la entidad formuló en la vigencia 2022? Ninguna de las anteriores;Arquitectura
GDI266A;¿La entidad participó durante el 2022 en mesas de trabajo con otras entidades del orden nacional para articular sus lineamientos en materia de ciudades y territorios inteligentes? Si, especifique con qué entidades y los temas tratados: ;Arquitectura
GDI266B;¿La entidad participó durante el 2022 en mesas de trabajo con otras entidades del orden nacional para articular sus lineamientos en materia de ciudades y territorios inteligentes? No;Arquitectura
GDI267A;En el proceso de formulación de estrategias de ciudades y territorios inteligentes, ¿la entidad incluyó indicadores para medir el uso de las soluciones generadas? Si. Ingrese las evidencias:;Arquitectura
GDI267B;En el proceso de formulación de estrategias de ciudades y territorios inteligentes, ¿la entidad incluyó indicadores para medir el uso de las soluciones generadas? No;Arquitectura